,City,Country,Lat,Lng,Max Temp,Humidity,Cloudiness,Wind Speed,Current Description
0,Hilo,US,19.7297,-155.09,81.28,80,100,6.91,overcast clouds
1,Nipawin,CA,53.3668,-104.0009,30.24,59,0,4.61,clear sky
2,Tondano,ID,1.3038,124.9112,78.89,70,47,0.67,scattered clouds
3,Rikitea,PF,-23.1203,-134.9692,75.7,75,97,16.93,overcast clouds
4,San Patricio,US,28.017,-97.5169,74.89,90,100,11.12,overcast clouds
5,Bluff,NZ,-46.6,168.3333,52.81,81,100,25.46,overcast clouds
6,Key West,US,24.5557,-81.7826,82.4,65,40,17.27,scattered clouds
7,Bredasdorp,ZA,-34.5322,20.0403,52.29,84,5,3.56,clear sky
8,Jamestown,US,42.097,-79.2353,55.04,77,100,10.36,mist
9,Saint-Pierre,RE,-21.3393,55.4781,73.9,73,0,9.22,clear sky
10,Foggia,IT,41.45,15.5333,47.98,93,0,3.44,clear sky
11,Clyde River,CA,70.4692,-68.5914,8.83,92,100,20.71,light snow
12,Faya,SA,18.3851,42.4509,54.12,55,0,2.1,clear sky
13,Port Alfred,ZA,-33.5906,26.891,57.29,80,4,11.1,clear sky
14,Baglung,NP,28.2719,83.5898,83.28,19,0,3.47,clear sky
15,Stolbovaya,RU,55.2528,37.4853,51.82,93,77,4.18,broken clouds
16,Kilindoni,TZ,-7.9139,39.6668,79.88,83,69,10.4,moderate rain
17,Ushtobe,KZ,45.2514,77.9838,47.93,59,5,1.95,clear sky
18,Mersing,MY,2.4312,103.8405,85.91,84,40,0.0,scattered clouds
19,Georgetown,MY,5.4112,100.3354,87.73,78,40,8.05,scattered clouds
20,Busselton,AU,-33.65,115.3333,67.89,50,49,16.87,scattered clouds
21,Saint George,US,37.1041,-113.5841,72.19,12,0,4.61,clear sky
22,Avarua,CK,-21.2078,-159.775,82.45,78,75,8.05,broken clouds
23,Ushuaia,AR,-54.8,-68.3,40.66,70,40,17.27,scattered clouds
24,Saint-Philippe,RE,-21.3585,55.7679,71.22,76,35,11.97,scattered clouds
25,Aklavik,CA,68.2191,-135.0107,32.77,100,100,6.53,overcast clouds
26,Mahebourg,MU,-20.4081,57.7,75.49,78,40,13.8,scattered clouds
27,Upernavik,GL,72.7868,-56.1549,11.55,87,68,4.79,broken clouds
28,Guiberoua,CI,6.2392,-6.1727,71.65,92,49,2.68,scattered clouds
29,Nouadhibou,MR,20.931,-17.0347,64.38,94,20,6.91,few clouds
30,Albany,US,42.6001,-73.9662,55.63,47,97,4.0,overcast clouds
31,La Chaux-De-Fonds,CH,47.0999,6.8259,41.54,100,100,3.44,overcast clouds
32,Umm Kaddadah,SD,13.6017,26.6876,79.9,13,100,8.19,overcast clouds
33,Alofi,NU,-19.0595,-169.9187,78.69,94,100,9.22,overcast clouds
34,Borogontsy,RU,62.6683,131.1683,29.34,63,95,6.78,overcast clouds
35,Hasaki,JP,35.7333,140.8333,72.28,83,100,18.84,overcast clouds
36,Casa Nova,BR,-9.4167,-41.1333,75.34,72,35,19.77,light rain
37,Isangel,VU,-19.55,169.2667,78.24,65,100,16.62,overcast clouds
38,Krasnoselkup,RU,65.7,82.4667,16.77,85,94,4.32,overcast clouds
39,Punta Arenas,CL,-53.15,-70.9167,37.51,65,0,10.36,clear sky
40,Praia Da Vitoria,PT,38.7333,-27.0667,55.76,87,20,6.22,few clouds
41,Nanortalik,GL,60.1432,-45.2371,32.36,97,96,6.55,overcast clouds
42,Tomball,US,30.0972,-95.6161,64.31,92,100,3.44,overcast clouds
43,Zarinsk,RU,53.7074,84.9493,45.19,52,6,3.76,clear sky
44,Ixtapa,MX,20.7,-105.2,74.43,83,0,4.61,clear sky
45,Ponta Do Sol,PT,32.6667,-17.1,59.72,74,23,10.96,few clouds
46,Port-Gentil,GA,-0.7193,8.7815,80.67,82,98,7.85,overcast clouds
47,Lima,PE,-12.0432,-77.0282,67.89,77,0,10.36,clear sky
48,Davila,PH,18.4726,120.5763,89.58,68,33,8.59,scattered clouds
49,Neiafu,TO,-18.65,-173.9833,76.33,90,97,28.86,moderate rain
50,Tuatapere,NZ,-46.1333,167.6833,55.6,70,51,9.95,broken clouds
51,Boyolangu,ID,-8.1181,111.8935,86.11,68,68,4.05,broken clouds
52,Hithadhoo,MV,-0.6,73.0833,84.65,72,100,6.62,overcast clouds
53,Airai,TL,-8.9266,125.4092,75.34,38,99,1.74,overcast clouds
54,Vaini,TO,-21.2,-175.2,69.96,88,100,9.22,moderate rain
55,Mataura,NZ,-46.1927,168.8643,52.48,76,71,9.42,broken clouds
56,Cabo San Lucas,MX,22.8909,-109.9124,73.62,76,23,7.07,few clouds
57,Svetlogorsk,BY,52.6333,29.7333,46.74,96,100,7.16,overcast clouds
58,Verkhniy Rohachyk,UA,47.2505,34.338,50.85,82,0,4.72,clear sky
59,Chokurdakh,RU,70.6333,147.9167,14.31,86,19,3.67,few clouds
60,Bengkulu,ID,-3.8004,102.2655,81.34,70,100,3.89,overcast clouds
61,Yulara,AU,-25.2406,130.9889,78.64,36,71,8.05,broken clouds
62,Hirara,JP,24.8,125.2833,84.47,79,40,19.57,scattered clouds
63,Hermanus,ZA,-34.4187,19.2345,54.99,78,0,6.44,clear sky
64,College,US,64.8569,-147.8028,53.92,38,75,3.44,broken clouds
65,Zacualpan,MX,21.25,-105.1667,72.91,80,0,2.71,clear sky
66,Port Lincoln,AU,-34.7333,135.8667,66.24,72,80,16.4,broken clouds
67,Nueve De Julio,AR,-35.4444,-60.8831,55.89,56,0,8.5,clear sky
68,Norman Wells,CA,65.282,-126.8329,35.56,96,100,5.55,overcast clouds
69,Lazaro Cardenas,MX,17.9583,-102.2,74.73,75,7,3.69,clear sky
70,Flinders,AU,-34.5833,150.8552,69.39,78,100,7.0,light rain
71,Ouallam,NE,14.3188,2.0866,81.05,15,35,10.45,scattered clouds
72,Toccoa,US,34.5773,-83.3324,71.38,83,0,0.0,clear sky
73,Kapaa,US,22.0752,-159.319,82.38,82,75,14.97,broken clouds
74,Mushie,CD,-3.0167,16.9,73.65,91,100,2.15,overcast clouds
75,High Level,CA,58.5169,-117.136,51.91,43,75,11.5,light rain
76,Kodiak,US,57.79,-152.4072,45.91,66,100,6.91,overcast clouds
77,Cayenne,GF,4.9333,-52.3333,77.09,1,0,0.0,clear sky
78,Sandakan,MY,5.8402,118.1179,85.68,79,40,4.61,scattered clouds
79,Yellowknife,CA,62.456,-114.3525,41.56,60,100,8.05,overcast clouds
80,Acarau,BR,-2.8856,-40.12,77.76,86,66,10.25,broken clouds
81,San Cristobal,VE,7.7669,-72.225,68.18,91,94,1.41,overcast clouds
82,Marana,US,32.4367,-111.2254,85.35,9,0,6.91,clear sky
83,Imphal,IN,24.8167,93.95,76.91,73,40,0.0,mist
84,Ilulissat,GL,69.2167,-51.1,21.22,86,100,0.0,overcast clouds
85,Sandur,IN,15.1,76.55,87.15,47,49,4.74,scattered clouds
86,Hofn,IS,64.2539,-15.2082,39.15,97,100,6.46,overcast clouds
87,Cape Town,ZA,-33.9258,18.4232,60.91,73,63,15.01,broken clouds
88,Zyryanka,RU,65.75,150.85,21.49,78,100,13.71,overcast clouds
89,Cherskiy,RU,68.75,161.3,30.31,74,100,6.78,overcast clouds
90,Olafsvik,IS,64.8945,-23.7142,41.86,81,91,3.58,overcast clouds
91,Saskylakh,RU,71.9167,114.0833,13.35,90,71,1.79,broken clouds
92,Guerrero Negro,MX,27.9769,-114.0611,64.78,65,0,13.22,clear sky
93,Aykhal,RU,66.0,111.5,22.71,79,75,4.85,broken clouds
94,Karlsfeld,DE,48.2167,11.4667,48.18,95,100,2.82,overcast clouds
95,Mar Del Plata,AR,-38.0023,-57.5575,60.87,79,6,8.01,clear sky
96,Komsomolskiy,UZ,40.4272,71.7189,65.12,55,100,0.0,overcast clouds
97,Chihuahua,MX,28.5,-106.0,70.63,55,0,11.03,clear sky
98,Puerto Ayora,EC,-0.7393,-90.3518,71.26,92,67,5.84,broken clouds
99,Lorengau,PG,-2.0226,147.2712,83.26,75,18,8.48,few clouds
100,Platteville,US,42.7342,-90.4785,37.96,70,100,14.97,overcast clouds
101,Ust-Kuyga,RU,70.0167,135.6,12.07,77,92,0.89,overcast clouds
102,Taltal,CL,-25.4,-70.4833,62.19,86,46,4.0,scattered clouds
103,Castro,BR,-24.7911,-50.0119,58.35,86,10,2.64,clear sky
104,Palau,PW,7.503,134.621,82.36,78,75,13.8,broken clouds
105,Carnarvon,AU,-24.8667,113.6333,75.27,78,40,9.22,scattered clouds
106,Port Blair,IN,11.6667,92.75,87.84,70,75,2.3,broken clouds
107,Bambous Virieux,MU,-20.3428,57.7575,75.45,78,40,13.8,light rain
108,Atuona,PF,-9.8,-139.0333,78.94,78,22,17.27,light rain
109,Den Helder,NL,52.9599,4.7593,46.38,88,20,11.99,few clouds
110,Fortuna,US,40.5982,-124.1573,54.09,88,0,8.05,clear sky
111,Nikolskoye,RU,59.7035,30.7861,41.72,98,100,5.1,light rain
112,Sao Joao Do Paraiso,BR,-15.3136,-42.0144,62.13,94,0,5.26,clear sky
113,Qaanaaq,GL,77.484,-69.3632,6.01,60,27,7.85,scattered clouds
114,Port Elizabeth,ZA,-33.918,25.5701,52.32,89,0,1.01,clear sky
115,Butaritari,KI,3.0707,172.7902,80.62,83,30,12.73,light rain
116,New Norfolk,AU,-42.7826,147.0587,62.89,44,5,2.66,clear sky
117,Marawi,PH,7.9986,124.2928,81.64,64,85,3.76,overcast clouds
118,Herat,AF,34.5,62.0,71.82,20,40,3.31,scattered clouds
119,Mindelo,CV,16.8901,-24.9804,71.15,73,20,18.41,few clouds
120,Roald,NO,62.5833,6.1333,44.76,87,20,13.8,few clouds
121,Margate,GB,51.3813,1.3862,47.7,77,27,5.99,scattered clouds
122,Barrow,US,71.2906,-156.7887,15.82,73,0,12.66,clear sky
123,Isiro,CD,2.7739,27.616,66.06,98,100,2.06,overcast clouds
124,Kuching,MY,1.55,110.3333,82.62,78,40,3.44,scattered clouds
125,Alta Floresta,BR,-9.8756,-56.0861,74.68,83,56,3.15,broken clouds
126,Phan Thiet,VN,10.9333,108.1,88.88,57,74,5.12,broken clouds
127,Yushan,CN,31.3776,120.9543,69.91,86,100,10.89,overcast clouds
128,Hashtrud,IR,37.4779,47.0508,52.84,77,100,0.83,light rain
129,Pedra,BR,-8.4969,-36.9408,65.01,98,100,2.98,overcast clouds
130,Port Hardy,CA,50.6996,-127.4199,44.78,76,75,3.44,broken clouds
131,Serov,RU,59.6033,60.5787,42.4,84,13,3.18,few clouds
132,Tuktoyaktuk,CA,69.4541,-133.0374,19.4,86,20,8.05,few clouds
133,Ribeira Grande,PT,38.5167,-28.7,59.05,70,67,8.43,broken clouds
134,Pisco,PE,-13.7,-76.2167,67.01,82,0,6.91,clear sky
135,Arlit,NE,18.7369,7.3853,78.69,10,0,8.23,clear sky
136,Samarai,PG,-10.6167,150.6667,86.27,68,75,15.61,broken clouds
137,Khatanga,RU,71.9667,102.5,12.43,88,100,6.85,overcast clouds
138,Selizharovo,RU,56.8519,33.4487,40.37,95,77,3.65,broken clouds
139,Vostok,RU,46.4856,135.8833,61.34,51,93,4.92,overcast clouds
140,Mount Isa,AU,-20.7333,139.5,74.97,88,100,6.91,overcast clouds
141,Vao,NC,-22.6667,167.4833,74.91,56,100,19.69,overcast clouds
142,Chuy,UY,-33.6971,-53.4616,64.78,99,57,1.45,broken clouds
143,Barranca,PE,-10.75,-77.7667,66.45,85,90,5.75,overcast clouds
144,Swan Hill,AU,-35.3378,143.5544,69.17,52,100,11.1,light rain
145,Kizukuri,JP,40.8061,140.3861,64.81,48,100,1.77,overcast clouds
146,Nemuro,JP,43.3236,145.575,44.33,81,100,14.38,overcast clouds
147,Gao,ML,16.6362,1.637,77.99,19,0,11.36,clear sky
148,Tasiilaq,GL,65.6145,-37.6368,30.36,96,100,5.93,light snow
149,Carballo,ES,43.213,-8.691,55.87,82,96,4.0,overcast clouds
150,Souillac,MU,-20.5167,57.5167,75.58,78,40,13.8,scattered clouds
151,Gizo,SB,-8.103,156.8419,84.79,70,46,6.8,light rain
152,Faanui,PF,-16.4833,-151.75,81.91,71,14,10.49,few clouds
153,Vestmanna,FO,62.1564,-7.1664,34.72,75,20,2.3,few clouds
154,Kahului,US,20.8947,-156.47,80.62,69,40,23.02,scattered clouds
155,Camocim,BR,-2.9022,-40.8411,75.85,91,20,9.98,few clouds
156,Gunnedah,AU,-30.9833,150.25,72.09,44,100,6.6,moderate rain
157,Magnitka,RU,55.3475,59.6961,46.38,92,100,3.51,overcast clouds
158,Urengoy,RU,65.9667,78.3667,18.23,92,77,8.21,broken clouds
159,Tazovskiy,RU,67.4667,78.7,13.1,93,100,8.99,overcast clouds
160,Marathon,US,44.9,-89.7668,38.19,88,100,11.5,overcast clouds
161,Ibra,OM,22.6906,58.5334,79.81,37,2,2.53,clear sky
162,Fort Saint James,CA,54.4333,-124.25,43.97,58,100,4.61,overcast clouds
163,Sao Filipe,CV,14.8961,-24.4956,74.39,69,59,10.87,broken clouds
164,Champasak,LA,14.75,106.0,90.48,54,100,2.46,overcast clouds
165,Saint-Joseph,RE,-21.3667,55.6167,70.21,74,24,12.5,few clouds
166,Hobart,AU,-42.8794,147.3294,63.23,67,75,6.91,broken clouds
167,Port Hawkesbury,CA,45.6169,-61.3485,40.87,97,0,5.75,clear sky
168,Esperance,AU,-33.8667,121.9,71.29,59,42,15.84,scattered clouds
169,Ancud,CL,-41.8697,-73.8203,48.22,80,100,23.02,overcast clouds
170,Nizhniy Tsasuchey,RU,50.5167,115.1333,43.0,21,90,21.23,overcast clouds
171,Luderitz,NA,-26.6481,15.1594,59.99,50,0,10.54,clear sky
172,Byron Bay,AU,-28.65,153.6167,71.71,74,100,5.55,light rain
173,Kadoma,JP,34.7333,135.5833,78.78,65,75,4.61,broken clouds
174,Vilhena,BR,-12.7406,-60.1458,71.24,82,58,2.37,broken clouds
175,Villa Bruzual,VE,9.3328,-69.1208,78.26,71,93,4.99,overcast clouds
176,Geraldton,AU,-28.7667,114.6,73.81,56,75,10.36,broken clouds
177,Gat,IL,31.61,34.7642,71.4,77,0,1.43,clear sky
178,Tommot,RU,58.9564,126.2925,33.84,70,100,6.67,light snow
179,Ambon,ID,-3.6954,128.1814,87.94,66,40,4.61,scattered clouds
180,Lasem,ID,-6.6922,111.4527,84.83,72,91,4.0,overcast clouds
181,Katsuura,JP,35.1333,140.3,69.82,85,100,16.67,moderate rain
182,Kashi,CN,39.4547,75.9797,69.01,18,40,8.95,scattered clouds
183,Kruisfontein,ZA,-34.0033,24.7314,47.88,83,0,7.65,clear sky
184,Banepa,NP,27.6298,85.5214,70.12,49,20,2.3,haze
185,Jumla,NP,29.2747,82.1838,64.42,28,0,4.07,clear sky
186,Hambantota,LK,6.1241,81.1185,82.81,76,15,2.77,few clouds
187,Palmer,US,42.1584,-72.3287,56.01,30,100,16.11,overcast clouds
188,Mino,JP,34.8269,135.4706,78.03,65,75,4.61,broken clouds
189,Pangnirtung,CA,66.1451,-65.7125,-1.3,100,100,4.97,snow
190,Narasannapeta,IN,18.4167,84.05,90.34,60,25,10.87,scattered clouds
191,Talnakh,RU,69.4865,88.3972,9.21,92,100,7.74,overcast clouds
192,Vila Velha,BR,-20.3297,-40.2925,74.95,85,20,2.3,few clouds
193,Rodbyhavn,DK,54.6544,11.352,37.15,73,8,4.25,clear sky
194,Ginda,IN,30.6945,78.4932,74.37,21,0,2.15,clear sky
195,Challans,FR,46.8436,-1.8749,46.6,91,31,10.13,scattered clouds
196,Udalguri,IN,26.7667,92.1333,82.99,53,3,6.58,clear sky
197,Iqaluit,CA,63.7506,-68.5145,-7.87,71,0,9.22,clear sky
198,Kyra,RU,49.5776,111.9753,33.4,53,27,14.74,scattered clouds
199,Guaruja,BR,-23.9931,-46.2564,73.04,85,1,2.46,clear sky
200,Cidreira,BR,-30.1811,-50.2056,67.55,94,100,3.4,light rain
201,Batsfjord,NO,70.6345,29.7185,20.98,63,40,28.77,scattered clouds
202,Elko,US,41.0002,-115.5012,55.63,29,99,7.0,overcast clouds
203,La Rioja,ES,42.25,-2.5,38.98,76,100,7.18,overcast clouds
204,Hami,CN,42.8,93.45,64.94,30,90,8.12,overcast clouds
205,Dubbo,AU,-32.25,148.6167,64.53,68,100,9.22,light rain
206,Espanola,US,35.9911,-106.0806,57.6,16,33,1.01,scattered clouds
207,Torbay,CA,47.6666,-52.7314,37.76,96,100,13.8,fog
208,Chapais,CA,49.7834,-74.8492,38.98,100,100,4.03,overcast clouds
209,Vanavara,RU,60.34,102.2797,34.25,62,89,6.06,overcast clouds
210,Grindavik,IS,63.8424,-22.4338,42.75,93,100,3.44,overcast clouds
211,Salalah,OM,17.0151,54.0924,80.69,74,40,3.44,scattered clouds
212,Ostrovnoy,RU,68.0531,39.5131,32.05,99,100,7.47,light snow
213,Maarianhamina,AX,60.0973,19.9348,39.06,75,0,9.22,clear sky
214,Ugoofaaru,MV,5.6667,73.0,84.38,68,49,2.44,scattered clouds
215,Chagoda,RU,59.164,35.3285,39.02,96,100,6.24,overcast clouds
216,Srednekolymsk,RU,67.45,153.6833,21.92,81,100,9.31,overcast clouds
217,Dikson,RU,73.5069,80.5464,13.24,90,100,4.76,overcast clouds
218,Arraial Do Cabo,BR,-22.9661,-42.0278,74.64,82,0,14.36,clear sky
219,Mount Gambier,AU,-37.8333,140.7667,71.53,39,100,9.37,light rain
220,Provideniya,RU,64.3833,-173.3,26.71,80,75,15.99,broken clouds
221,Bonanza,NI,14.0289,-84.591,70.29,99,17,0.94,few clouds
222,Beloha,MG,-25.1667,45.05,72.55,73,98,4.23,overcast clouds
223,Tiznit,MA,29.5833,-9.5,53.83,90,92,6.04,overcast clouds
224,Kaitangata,NZ,-46.2817,169.8464,54.64,70,96,15.3,overcast clouds
225,New Waterford,US,40.8451,-80.6145,57.58,92,100,1.99,light rain
226,Te Anau,NZ,-45.4167,167.7167,56.82,54,5,1.39,clear sky
227,Bethel,US,41.3712,-73.414,51.89,58,100,4.47,overcast clouds
228,Marsa Matruh,EG,31.3525,27.2453,63.05,74,100,5.14,overcast clouds
229,Moerai,PF,-22.4333,-151.3333,80.01,81,84,12.95,light rain
230,Xinzhi,CN,36.4989,111.7047,82.98,19,1,9.8,clear sky
231,Correntina,BR,-13.3433,-44.6367,70.23,58,0,5.21,clear sky
232,Kodinsk,RU,58.6881,99.1844,35.29,82,100,10.6,overcast clouds
233,Upington,ZA,-28.4478,21.2561,43.18,81,0,0.0,clear sky
234,Umm Lajj,SA,25.0213,37.2685,75.99,41,0,6.73,clear sky
235,Oistins,BB,13.0667,-59.5333,77.09,94,75,17.27,broken clouds
236,Cooma,AU,-36.2333,149.1333,64.35,51,82,4.03,broken clouds
237,Bathsheba,BB,13.2167,-59.5167,77.61,94,75,17.27,broken clouds
238,Gawler,AU,-34.6,138.7333,71.11,75,100,19.46,overcast clouds
239,Lang Son,VN,21.8333,106.7333,84.96,65,78,6.87,broken clouds
240,Sfantu Gheorghe,RO,45.8667,25.7833,47.26,93,27,2.19,scattered clouds
241,Kasongo-Lunda,CD,-6.4667,16.8167,70.0,97,100,0.76,overcast clouds
242,Dabakala,CI,8.3667,-4.4333,76.82,75,39,4.88,scattered clouds
243,Tupik,RU,54.4253,119.9327,39.25,31,100,8.43,overcast clouds
244,Lagoa,PT,39.05,-27.9833,57.9,70,78,11.52,broken clouds
245,Gwanda,ZW,-20.9333,29.0,63.43,75,5,4.23,clear sky
246,Milkovo,RU,54.7167,158.6167,37.02,71,95,3.06,overcast clouds
247,Tokur,RU,53.1333,132.9,35.42,50,100,11.99,overcast clouds
248,Evensk,RU,61.95,159.2333,32.09,78,100,20.47,overcast clouds
249,Yar-Sale,RU,66.8333,70.8333,25.02,96,91,3.31,overcast clouds
250,Brazzaville,CG,-4.2658,15.2832,75.56,94,100,0.0,overcast clouds
251,Codrington,AU,-38.2667,141.9667,71.96,42,100,11.72,overcast clouds
252,Marzuq,YE,14.4,46.4667,71.82,61,64,0.09,broken clouds
253,Rabo De Peixe,PT,37.8,-25.5833,57.27,76,20,3.44,few clouds
254,Lumeje,AO,-11.55,20.7833,67.53,78,99,4.61,overcast clouds
255,Phangnga,TH,8.4509,98.5298,89.64,63,61,1.1,broken clouds
256,Sinnamary,GF,5.3833,-52.95,77.95,88,100,7.78,overcast clouds
257,Vila Franca Do Campo,PT,37.7167,-25.4333,58.19,85,67,6.29,broken clouds
258,Montefiascone,IT,42.5393,12.0362,49.26,87,23,3.62,few clouds
259,Tiksi,RU,71.6872,128.8694,8.1,86,67,1.28,broken clouds
260,Uyemskiy,RU,64.4743,40.8524,35.65,93,100,2.24,light rain
261,Bereda,ES,43.2686,-7.5406,48.58,100,95,1.39,overcast clouds
262,Tazmalt,DZ,36.3868,4.3989,59.4,71,23,1.83,few clouds
263,Lompoc,US,34.6391,-120.4579,62.78,82,0,15.99,clear sky
264,Pierre,US,44.3683,-100.351,41.27,57,0,8.99,clear sky
265,Portland,US,45.5234,-122.6762,54.52,81,100,1.99,overcast clouds
266,San Quintin,MX,30.4833,-115.95,62.89,66,0,7.25,clear sky
267,Morant Bay,JM,17.8815,-76.4093,78.42,84,35,9.04,scattered clouds
268,Ust-Tsilma,RU,65.441,52.1498,34.79,90,100,6.06,overcast clouds
269,Kirakira,SB,-10.4544,161.9205,84.56,73,87,5.12,overcast clouds
270,Wawa,NG,9.9022,4.4192,82.09,60,65,7.38,broken clouds
271,Yumen,CN,40.2833,97.2,56.68,11,99,18.92,overcast clouds
272,Acapulco,MX,16.8634,-99.8901,78.62,78,0,2.3,clear sky
273,Thompson,CA,55.7435,-97.8558,23.16,33,40,3.44,scattered clouds
274,Dunedin,NZ,-45.8742,170.5036,59.81,51,46,15.99,scattered clouds
275,Rosario,AR,-32.9468,-60.6393,69.94,87,75,6.91,broken clouds
276,Gigmoto,PH,13.7796,124.39,84.69,78,59,9.35,broken clouds
277,Pringsewu,ID,-5.3582,104.9744,86.92,63,100,2.08,overcast clouds
278,Road Town,VG,18.4167,-64.6167,75.29,71,7,13.42,clear sky
279,Tura,IN,25.5198,90.2201,84.38,62,1,5.7,clear sky
280,Ambatolampy,MG,-19.3833,47.4167,52.34,95,26,1.36,scattered clouds
281,Itarema,BR,-2.9248,-39.9167,77.61,86,90,9.08,overcast clouds
282,Kasempa,ZM,-13.4584,25.8338,59.61,78,48,5.06,scattered clouds
283,Visnes,NO,59.3556,5.2242,44.65,87,100,5.75,overcast clouds
284,Kaduna,NG,10.5222,7.4383,77.45,64,100,6.15,overcast clouds
285,Gornyy,RU,55.1153,83.9059,44.6,51,21,11.3,few clouds
286,Zhangye,CN,38.9342,100.4517,65.34,19,11,10.96,few clouds
287,Prainha,BR,-1.8,-53.48,72.93,98,61,2.64,heavy intensity rain
288,Kupang,ID,-10.1667,123.5833,84.7,54,93,1.74,overcast clouds
289,Rio Gallegos,AR,-51.6226,-69.2181,32.05,100,0,6.91,clear sky
290,Karpathos,GR,35.507,27.2132,60.76,82,74,2.3,broken clouds
291,Bandarbeyla,SO,9.4942,50.8122,80.85,73,67,2.91,broken clouds
292,Coquimbo,CL,-29.9533,-71.3436,56.93,94,100,3.44,overcast clouds
293,Chifeng,CN,42.2683,118.9636,52.74,14,0,28.74,clear sky
294,Bundaberg,AU,-24.85,152.35,71.22,90,75,12.66,moderate rain
295,Trofors,NO,65.5333,13.4063,25.65,96,81,3.47,light snow
296,Narsaq,GL,60.9167,-46.05,39.42,90,97,2.15,overcast clouds
297,Jamame,SO,0.0722,42.7506,79.88,82,11,5.75,few clouds
298,Cockburn Town,TC,21.4612,-71.1419,76.53,74,37,15.08,scattered clouds
299,Matagami,CA,49.7502,-77.6328,41.11,93,100,9.22,mist
300,Karratha,AU,-20.7377,116.8463,85.57,34,98,10.69,overcast clouds
301,Galesong,ID,-5.3166,119.3661,87.82,69,85,1.34,overcast clouds
302,Saint-Georges,GD,12.0564,-61.7485,78.48,89,20,0.0,few clouds
303,Boda,CF,4.3189,17.4695,71.47,86,98,1.95,overcast clouds
304,Maceio,BR,-9.6658,-35.7353,76.44,94,75,5.75,broken clouds
305,Hazaribag,IN,23.9833,85.35,96.3,10,0,6.4,clear sky
306,Sangmelima,CM,2.9333,11.9833,68.13,99,100,1.66,moderate rain
307,Libenge,CD,3.65,18.6333,71.64,90,79,1.03,broken clouds
308,Bambanglipuro,ID,-7.95,110.2833,86.43,64,70,1.1,broken clouds
309,Cabimas,VE,10.3883,-71.4399,80.4,80,97,11.45,overcast clouds
310,Naze,JP,28.3667,129.4833,79.72,81,37,18.1,scattered clouds
311,Asau,RO,46.4333,26.4,47.32,93,4,5.97,clear sky
312,Nyurba,RU,63.2842,118.3319,29.23,82,100,2.77,overcast clouds
313,Tecpan,GT,14.7623,-90.9947,57.88,87,89,2.66,overcast clouds
314,Elmira,US,42.0898,-76.8077,61.12,73,100,11.5,overcast clouds
315,Mazatlan,MX,23.2167,-106.4167,74.91,81,0,4.61,clear sky
316,East London,ZA,-33.0153,27.9116,58.14,72,0,8.05,clear sky
317,Oksfjord,NO,70.2396,22.3479,24.01,92,100,8.9,light snow
318,Seinajoki,FI,62.7945,22.8282,33.35,79,75,9.22,broken clouds
319,Longyearbyen,SJ,78.2186,15.6401,-0.56,60,40,13.8,scattered clouds
320,Ambilobe,MG,-13.2,49.05,70.07,85,9,4.18,clear sky
321,Homer,US,59.6425,-151.5483,42.76,88,100,8.99,overcast clouds
322,Koulamoutou,GA,-1.1303,12.4736,70.93,98,100,1.92,overcast clouds
323,Dingli,MT,35.8614,14.3822,58.82,82,20,2.3,few clouds
324,Urusha,RU,54.05,122.9,43.68,24,42,11.5,scattered clouds
325,Klaksvik,FO,62.2266,-6.589,34.72,68,100,13.22,overcast clouds
326,Poum,NC,-20.2333,164.0167,77.47,63,99,12.64,overcast clouds
327,Svetlyy,RU,54.675,20.1347,42.85,90,65,7.34,broken clouds
328,Eregli,TR,37.5133,34.0467,56.52,31,15,2.15,few clouds
329,Abu Samrah,SY,35.3029,37.1841,64.71,45,7,3.74,clear sky
330,Northam,GB,51.0333,-4.2167,43.66,83,19,7.25,few clouds
331,Terme,TR,41.2092,36.9739,48.13,70,23,6.15,few clouds
332,Hanzhong,CN,33.0728,107.0303,75.87,54,97,1.39,overcast clouds
333,Batagay-Alyta,RU,67.8006,130.4114,18.91,81,99,4.18,overcast clouds
334,Polunochnoye,RU,60.8697,60.4153,37.31,91,90,3.65,overcast clouds
335,Sakskobing,DK,54.7997,11.626,37.09,89,5,4.85,clear sky
336,Esik,KZ,43.3552,77.4525,45.82,63,0,3.74,clear sky
337,Bam,IR,29.106,58.357,82.09,20,72,6.22,broken clouds
338,Labuhan,ID,-6.8844,112.2051,84.69,72,83,2.39,broken clouds
339,Saldanha,ZA,-33.0117,17.9442,50.05,77,87,10.78,overcast clouds
340,Taseyevo,RU,57.2169,94.8978,42.75,51,84,10.49,broken clouds
341,Nyanza,RW,-2.3519,29.7509,55.11,96,94,2.28,overcast clouds
342,Isnos,CO,1.9356,-76.2406,54.59,93,39,4.14,scattered clouds
343,Strezhevoy,RU,60.7333,77.5889,33.93,100,100,3.09,overcast clouds
344,Ust-Nera,RU,64.5667,143.2,23.16,77,95,4.14,overcast clouds
345,Hualmay,PE,-11.0964,-77.6139,66.65,87,91,7.31,overcast clouds
346,Yarensk,RU,62.1675,49.0916,42.26,96,100,7.61,light rain
347,Ola,RU,59.5833,151.2833,37.15,57,100,10.58,overcast clouds
348,Pasaje,EC,-3.3333,-79.8167,74.39,94,87,1.05,light rain
349,Mirabad,AF,30.4362,61.8383,83.82,16,39,4.34,scattered clouds
350,Lata,PT,40.1629,-8.3327,51.08,82,98,2.53,overcast clouds
351,Cravo Norte,CO,6.3017,-70.2041,81.86,65,76,2.3,broken clouds
352,Odzaci,RS,45.5067,19.2611,42.76,89,7,7.02,clear sky
353,Viedma,AR,-40.8135,-62.9967,57.56,31,100,16.75,overcast clouds
354,Ilo,PE,-17.6394,-71.3375,66.36,83,100,6.91,overcast clouds
355,Rajauri,IN,33.3833,74.3,80.19,26,0,1.57,clear sky
356,Mayahi,NE,13.9553,7.6712,86.54,13,65,10.31,broken clouds
357,Anaconda,US,46.1285,-112.9423,52.79,57,100,4.0,overcast clouds
358,Turayf,SA,31.6725,38.6637,64.65,68,0,5.75,clear sky
359,Kangaatsiaq,GL,68.3065,-53.4641,23.67,94,100,8.21,overcast clouds
360,Sur,OM,22.5667,59.5289,88.12,37,0,8.08,clear sky
361,Soure,BR,-0.7167,-48.5233,78.69,84,89,8.63,overcast clouds
362,Bwanga,TZ,-3.0308,31.7601,63.14,98,100,2.37,moderate rain
363,Gombong,ID,-7.6072,109.5142,88.57,61,87,2.3,overcast clouds
364,Auki,SB,-8.7676,160.7034,84.04,73,51,2.26,broken clouds
365,Manakara,MG,-22.1333,48.0167,68.2,92,31,4.97,scattered clouds
366,Minot,US,48.2325,-101.2963,26.82,80,75,6.91,broken clouds
367,Loanda,AO,-8.8368,13.2343,75.2,88,40,4.61,scattered clouds
368,Severo-Kurilsk,RU,50.6789,156.125,33.39,95,95,28.14,light snow
369,Kaeo,NZ,-35.1,173.7833,70.32,68,28,5.99,scattered clouds
370,Mumbwa,ZM,-14.9783,27.0619,59.13,79,66,2.46,broken clouds
371,Laguna,US,38.421,-121.4238,70.75,51,0,9.22,clear sky
372,Necochea,AR,-38.5473,-58.7368,52.07,66,8,6.53,clear sky
373,Mocuba,MZ,-16.8392,36.9856,69.28,99,50,3.44,scattered clouds
374,Chiredzi,ZW,-21.05,31.6667,66.69,90,3,3.44,clear sky
375,Dondo,MZ,-19.6094,34.7431,74.71,95,4,2.75,clear sky
376,Meulaboh,ID,4.1363,96.1285,74.89,96,100,3.71,moderate rain
377,La Palma,US,33.8464,-118.0467,80.91,25,75,9.22,broken clouds
378,Morondava,MG,-20.2833,44.2833,77.88,83,92,7.49,moderate rain
379,Broken Hill,AU,-31.95,141.4333,58.71,94,100,16.11,light rain
380,Florianopolis,BR,-27.6146,-48.5012,72.7,89,75,17.27,broken clouds
381,Aguimes,ES,27.9054,-15.4461,63.23,55,20,13.0,few clouds
382,Awjilah,LY,29.1081,21.2869,72.25,22,80,9.95,broken clouds
383,The Valley,AI,18.217,-63.0578,77.09,66,5,12.91,clear sky
384,Lebu,CL,-37.6167,-73.65,54.97,86,100,28.27,light rain
385,Erzurum,TR,40.0,41.5,37.08,64,4,1.5,clear sky
386,San Vicente,AR,-26.6167,-54.1333,70.88,77,0,5.64,clear sky
387,Shimoda,JP,34.6667,138.95,71.1,95,100,8.55,light rain
388,Victoria,HK,22.2855,114.1577,88.18,77,1,8.99,clear sky
389,Beringovskiy,RU,63.05,179.3167,31.3,98,100,16.96,snow
390,Valdivia,CL,-39.8142,-73.2459,50.25,95,100,7.52,overcast clouds
391,Sorong,ID,-0.8833,131.25,82.8,76,100,4.68,overcast clouds
392,Bethanien,NA,-26.502,17.1583,51.89,25,0,6.44,clear sky
393,Da Lat,VN,11.9465,108.4419,79.41,49,99,0.89,overcast clouds
394,Mariel,CU,22.9875,-82.7536,73.54,81,3,16.51,light rain
395,Mehamn,NO,71.0357,27.8492,22.95,58,75,29.93,broken clouds
396,Kropotkin,RU,45.4375,40.5756,57.22,81,27,7.02,scattered clouds
397,Rocha,UY,-34.4833,-54.3333,63.09,98,99,4.54,overcast clouds
398,Pacific Grove,US,36.6177,-121.9166,62.55,82,0,6.91,clear sky
399,Sabha,LY,27.0377,14.4283,72.0,20,100,14.23,overcast clouds
400,Alamogordo,US,32.8995,-105.9603,65.95,37,0,15.01,clear sky
401,Tongliao,CN,43.6125,122.2653,55.47,19,0,26.44,clear sky
402,Dzerzhinsk,RU,56.2389,43.4631,53.42,81,20,6.71,few clouds
403,Aba,NG,5.1066,7.3667,76.39,92,100,2.15,moderate rain
404,Qaqortoq,GL,60.7167,-46.0333,33.26,95,98,4.68,overcast clouds
405,Broome,US,42.2506,-75.833,58.14,72,100,8.05,overcast clouds
406,Vila Do Maio,CV,15.1333,-23.2167,74.19,79,7,16.4,clear sky
407,Puksoozero,RU,62.5903,40.6066,36.14,99,100,5.23,overcast clouds
408,Saint Anthony,US,45.0205,-93.218,32.67,67,100,16.11,overcast clouds
409,Reconquista,AR,-29.15,-59.65,72.34,91,81,8.43,broken clouds
410,Bardiyah,LY,31.7561,25.0865,62.6,69,100,3.83,overcast clouds
411,Show Low,US,34.2542,-110.0298,54.14,20,0,4.61,clear sky
412,Iralaya,HN,15.0,-83.2333,78.12,82,90,10.07,overcast clouds
413,Ayr,GB,55.4627,-4.6339,44.49,81,0,6.91,clear sky
414,Ewa Beach,US,21.3156,-158.0072,82.35,56,75,16.11,broken clouds
415,Buraydah,SA,26.326,43.975,68.45,43,42,12.5,scattered clouds
416,Kavieng,PG,-2.5744,150.7967,85.3,67,5,10.22,clear sky
417,Wamba,NG,8.9333,8.6,75.25,73,100,3.0,overcast clouds
418,Adrar,MR,20.5022,-10.0711,69.48,36,2,7.56,clear sky
419,Paracuru,BR,-3.41,-39.0306,78.12,87,85,8.19,overcast clouds
420,Mapiripan,CO,2.8892,-72.1256,74.23,91,95,3.38,overcast clouds
421,Koroni,GR,36.8,21.95,60.08,62,97,9.55,overcast clouds
422,Shelabolikha,RU,53.4131,82.6167,46.89,51,9,4.47,clear sky
423,Changde,CN,29.0464,111.6783,77.95,63,90,4.56,overcast clouds
424,Mulatupo,PA,8.9492,-77.7652,78.1,87,100,2.89,overcast clouds
425,Sulat,PH,11.8103,125.4544,83.7,82,99,9.19,overcast clouds
426,Tilichiki,RU,60.4667,166.1,30.94,94,100,11.7,overcast clouds
427,Morgan City,US,29.6994,-91.2068,69.8,94,100,9.22,overcast clouds
428,Porto Santo,PT,33.072,-16.3415,61.18,77,40,10.36,scattered clouds
429,Shache,CN,38.4167,77.2406,71.42,12,60,5.48,broken clouds
430,Parana,AR,-31.732,-60.5238,69.57,95,5,7.54,clear sky
431,Ulety,RU,51.3572,112.4849,39.52,19,0,12.5,clear sky
432,Matay,EG,28.419,30.7792,69.67,35,56,11.23,broken clouds
433,Coswig,DE,51.1333,13.5833,44.28,98,0,4.61,clear sky
434,Oltu,TR,40.5498,42.0013,55.27,59,0,3.53,clear sky
435,Sayat,TM,38.7839,63.8803,64.27,24,100,9.37,overcast clouds
436,Bhitarwar,IN,25.8,78.1167,96.24,10,4,3.33,clear sky
437,Kondoros,HU,46.7667,20.8,47.98,89,84,5.57,broken clouds
438,Korem,ET,12.5058,39.5228,53.76,81,44,1.66,scattered clouds
439,Santa Rosa,PH,14.3122,121.1114,93.18,64,23,12.59,few clouds
440,Tezu,IN,27.9167,96.1667,81.18,44,52,2.21,broken clouds
441,Bilibino,RU,68.0546,166.4372,29.62,71,100,4.54,overcast clouds
442,Emerald,AU,-23.5333,148.1667,69.94,88,100,19.57,moderate rain
443,Namatanai,PG,-3.6667,152.4333,85.3,64,91,7.09,overcast clouds
444,Iwanai,JP,42.9744,140.5089,66.4,56,100,6.62,overcast clouds
445,Los Llanos De Aridane,ES,28.6585,-17.9182,58.75,67,0,3.44,clear sky
446,Luangwa,ZM,-15.6167,30.4167,69.1,94,71,3.31,light rain
447,Zaraza,VE,9.3503,-65.3245,78.33,79,83,8.63,broken clouds
448,Valparaiso,CL,-33.0393,-71.6273,59.47,90,100,3.44,mist
449,Susaki,JP,33.3667,133.2833,71.67,97,100,1.79,light rain
450,Maltahohe,NA,-24.8333,16.9833,51.67,32,0,7.49,clear sky
451,Abu Dhabi,AE,24.4667,54.3667,82.51,75,83,2.3,broken clouds
452,Lavrentiya,RU,65.5833,-171.0,27.37,79,96,7.38,overcast clouds
453,Pevek,RU,69.7008,170.3133,30.87,71,100,3.87,overcast clouds
454,Botwood,CA,49.1499,-55.3482,35.91,99,77,4.43,broken clouds
455,Dum Duma,IN,27.5667,95.5667,74.32,72,73,2.48,broken clouds
456,Lodja,CD,-3.4833,23.4333,69.28,99,100,0.45,overcast clouds
457,Egvekinot,RU,66.3167,-179.1667,24.08,77,50,7.47,scattered clouds
458,Boddam,GB,57.4667,-1.7833,43.18,80,100,12.5,overcast clouds
459,Shakawe,BW,-18.3667,21.85,63.73,57,36,4.94,scattered clouds
460,Kenai,US,60.5544,-151.2583,48.02,66,0,11.5,clear sky
461,Tanakpur,IN,29.0833,80.1167,93.11,15,11,2.82,few clouds
462,Mandalgovi,MN,45.7625,106.2708,30.45,20,9,12.28,clear sky
463,Port Pirie,AU,-33.1833,138.0167,68.09,70,100,10.94,overcast clouds
464,Hellvik,NO,59.9156,5.781,44.78,89,19,2.51,few clouds
465,Noumea,NC,-22.2763,166.4572,80.01,99,99,14.29,overcast clouds
466,Yining,CN,29.0361,114.5636,79.47,73,76,2.82,broken clouds
467,Dvinskoy,RU,62.1535,45.1175,42.6,97,100,6.67,overcast clouds
468,Paamiut,GL,61.994,-49.6678,29.21,87,100,2.48,overcast clouds
469,Castelo Do Piaui,BR,-5.3222,-41.5525,71.64,73,88,3.62,overcast clouds
470,Atar,MR,20.5169,-13.0499,71.01,45,33,8.66,scattered clouds
471,Sazonovo,RU,59.0919,35.2268,39.36,96,100,5.99,overcast clouds
472,Blagoyevo,RU,63.3667,47.9167,39.7,97,100,8.77,overcast clouds
473,Yuryevets,RU,57.3201,43.1041,44.33,99,100,7.72,heavy intensity rain
474,Illapel,CL,-31.6308,-71.1653,60.12,81,0,1.36,clear sky
475,Belaya Gora,RU,68.5333,146.4167,20.34,78,88,1.79,overcast clouds
476,Vangaindrano,MG,-23.35,47.6,68.67,94,31,4.97,scattered clouds
477,Sao Joao Da Barra,BR,-21.6403,-41.0511,72.59,83,1,2.77,clear sky
478,Wilmington,US,34.2257,-77.9447,69.85,79,0,5.75,clear sky
479,Oranjemund,NA,-28.55,16.4333,55.24,63,0,6.04,clear sky
480,Slyudyanka,RU,51.6594,103.7061,37.44,56,12,3.06,few clouds
481,Grand Gaube,MU,-20.0064,57.6608,75.6,80,39,3.0,light rain
482,Fairbanks,US,64.8378,-147.7164,53.94,42,0,3.44,clear sky
483,Bandundu,CD,-3.3167,17.3667,72.73,95,100,4.07,moderate rain
484,Varhaug,NO,58.6147,5.6457,44.15,91,29,15.75,scattered clouds
485,Maniitsoq,GL,65.4167,-52.9,28.04,84,100,13.13,overcast clouds
486,Rusape,ZW,-18.5278,32.1284,55.56,95,4,1.14,clear sky
487,Dire Dawa,ET,9.5931,41.8661,67.19,77,79,2.15,broken clouds
488,Odweyne,SO,9.4092,45.064,70.39,76,90,4.85,light rain
489,Robertsport,LR,6.7533,-11.3686,80.28,85,100,8.68,overcast clouds
490,Minab,IR,27.1467,57.0801,84.22,36,7,3.74,clear sky
491,Alihe,CN,50.5667,123.7167,43.36,36,100,14.72,overcast clouds
492,Luganville,VU,-15.5333,167.1667,82.09,71,100,8.52,overcast clouds
493,Edson,CA,53.5835,-116.4356,57.31,26,75,4.61,broken clouds
494,Okha,RU,53.5739,142.9478,34.7,70,17,8.41,few clouds
495,Shenjiamen,CN,29.9576,122.298,62.94,100,100,10.29,overcast clouds
496,Thenzawl,IN,23.3167,92.75,84.4,45,0,3.11,clear sky
497,Dhidhdhoo,MV,6.8833,73.1,84.54,70,68,2.48,broken clouds
498,Pangkalanbuun,ID,-2.6833,111.6167,88.52,60,98,3.58,overcast clouds
499,Camacha,PT,33.0833,-16.3333,58.42,77,40,10.36,scattered clouds
500,Goma,CD,-1.6792,29.2228,62.96,90,99,2.89,light rain
501,Atasu,KZ,48.6814,71.6433,50.61,42,1,8.37,clear sky
502,Lalibela,ET,12.0333,39.0333,62.17,56,61,3.38,broken clouds
503,Katherine,AU,-14.4667,132.2667,91.72,38,0,9.22,clear sky
504,Kharp,RU,66.8014,65.8081,28.26,85,53,0.74,broken clouds
505,Houma,US,29.5958,-90.7195,68.0,94,0,3.44,clear sky
506,Sorland,NO,67.667,12.6934,32.29,59,100,22.66,snow
507,Kontagora,NG,10.3999,5.4695,79.88,60,86,5.5,overcast clouds
508,Jardim,BR,-21.4803,-56.1381,76.84,63,1,4.92,clear sky
509,Husavik,IS,66.0449,-17.3389,40.71,87,100,3.96,overcast clouds
510,Touros,BR,-5.1989,-35.4608,75.78,91,61,8.86,broken clouds
511,Teya,RU,60.3778,92.6267,33.08,76,97,8.23,overcast clouds
512,Les Cayes,HT,18.2,-73.75,74.89,80,43,2.39,scattered clouds
513,Salon-De-Provence,FR,43.6407,5.0954,54.68,93,75,5.75,broken clouds
514,Cairns,AU,-16.9167,145.7667,90.07,74,40,9.22,scattered clouds
515,Nadym,RU,65.5333,72.5167,30.04,97,100,10.8,light snow
516,Ndele,CF,8.4109,20.6473,73.74,78,98,5.55,overcast clouds
517,Orcopampa,PE,-15.2661,-72.3417,48.9,49,98,1.32,overcast clouds
518,Tias,ES,28.9611,-13.645,62.28,82,75,3.44,broken clouds
519,Fort Nelson,CA,58.8053,-122.7002,44.19,70,75,5.75,broken clouds
520,Ustynivka,UA,47.9551,32.5367,51.26,76,6,6.13,clear sky
521,Matara,LK,5.9485,80.5353,87.19,65,12,1.77,few clouds
522,Simbahan,PH,6.3032,120.5836,84.13,70,87,5.08,overcast clouds
523,Vestmannaeyjar,IS,63.4427,-20.2734,44.78,84,96,9.93,overcast clouds
524,Soeng Sang,TH,14.4264,102.4606,94.1,45,29,5.93,scattered clouds
525,Dembi Dolo,ET,8.5333,34.8,58.78,84,99,3.65,overcast clouds
526,Terrace,CA,54.5163,-128.6035,42.71,87,75,8.05,light intensity shower rain
527,Nioaque,BR,-21.1353,-55.83,77.18,63,3,4.92,clear sky
528,Astana,KZ,51.1801,71.446,51.75,28,0,8.95,clear sky
529,Bacolod,PH,10.6667,122.95,88.75,63,95,10.85,overcast clouds
530,Huilong,CN,31.8111,121.655,63.46,88,100,15.84,light rain
531,Doha,QA,25.2867,51.5333,80.58,61,100,4.61,haze
532,Calbuco,CL,-41.768,-73.1273,51.01,83,100,18.23,light rain
533,Sola,VU,-13.8833,167.55,80.98,75,80,16.67,broken clouds
534,Solihull,GB,52.4143,-1.7809,44.19,92,75,6.91,broken clouds
535,Dillon,US,34.4166,-79.3712,71.94,80,0,7.61,clear sky
536,Sangar,RU,63.9242,127.4739,28.18,73,97,9.17,overcast clouds
537,Taguatinga,BR,-12.3857,-46.5711,74.12,53,1,6.64,clear sky
538,Tessalit,ML,20.1986,1.0114,71.82,20,0,6.42,clear sky
539,Comodoro Rivadavia,AR,-45.8667,-67.5,57.06,41,0,10.36,clear sky
540,Charlestown,AU,-32.95,151.6667,69.82,81,100,1.99,moderate rain
541,Okitipupa,NG,6.5047,4.7839,76.05,96,98,0.07,overcast clouds
542,Mahon,ES,39.8885,4.2658,50.56,100,20,3.44,mist
543,Okato,NZ,-39.2,173.8833,65.91,73,99,7.81,overcast clouds
544,Namibe,AO,-15.1961,12.1522,72.07,71,82,7.14,broken clouds
545,Strathroy,CA,42.9551,-81.6223,51.49,65,85,12.33,overcast clouds
546,Sisimiut,GL,66.9395,-53.6735,29.16,81,100,10.33,overcast clouds
547,Kutum,SD,14.2,24.6667,73.98,13,100,0.63,overcast clouds
